[{"Id":"d87b60da-ba72-4b6f-86df-dfcb261ec3b2","Title":"Hello World","Description":"This script displays Hello World","Arguments":"-ExecutionPolicy Bypass -NoExit -NoProfile","RunAsAdmin":false,"WorkingDirectory":"","ScriptPath":"","Data":"echo \u0022Hello World\u0022"},{"Id":"0ff1a4f8-7679-4b23-9f17-9354ce33a035","Title":"Seikkailupeli","Description":"PS versio ohjelmmoinnin perusteet teht\u00E4v\u00E4st\u00E4 2B","Arguments":"-ExecutionPolicy Bypass -NoProfile","RunAsAdmin":false,"WorkingDirectory":"","ScriptPath":"","Data":"function Seikkailupeli {\r\n    Write-Output \u0022Olet kova j\u00E4tk\u00E4 duunaamassa omia juttuja.\u0022\r\n    Write-Output \u0022Saavut tienhaaraan. Mit\u00E4 teet?\u0022\r\n    Write-Output \u0022[1] K\u00E4\u00E4nnyt vasemmalle ja kuljet synkk\u00E4\u00E4n mets\u00E4\u00E4n.\u0022\r\n    Write-Output \u0022[2] K\u00E4\u00E4nnyt oikealle ja suuntaat vuorille.\u0022\r\n    $valinta1 = Read-Host \u0022:\u0022\r\n\r\n    if ($valinta1 -eq \u00271\u0027) {\r\n        Write-Output \u0022\u0060nKuljet synkk\u00E4\u00E4n mets\u00E4\u00E4n. (koska olet kova j\u00E4tk\u00E4 etk\u00E4 pelk\u00E4\u00E4 pime\u00E4\u00E4)\u0022\r\n        Write-Output \u0022Kohtaat joukon rosvoja. Mit\u00E4 teet?\u0022\r\n        Write-Output \u0022[1] K\u00E4y heid\u00E4n kimppuun.\u0022\r\n        Write-Output \u0022[2] Yrit\u00E4 hiipi\u00E4 heid\u00E4n ohitseen.\u0022\r\n        $valinta2 = Read-Host \u0022:\u0022\r\n\r\n        if ($valinta2 -eq \u00271\u0027) {\r\n            Write-Output \u0022\u0060nPist\u00E4t rosvojoukkoa turpaan.\u0022\r\n            Write-Output \u0022Voitat rosvojoukon!\u0022\r\n            Write-Output \u0022Voitit pelin!\u0022\r\n        }\r\n        elseif ($valinta2 -eq \u00272\u0027) {\r\n            Write-Output \u0022\u0060nYrit\u00E4t hiipi\u00E4, mutta rosvot huomaavat sinut.\u0022\r\n            Write-Output \u0022He k\u00E4y kimppuusi ja sulla k\u00E4y k\u00F6pel\u00F6sti.\u0022\r\n            Write-Output \u0022H\u00E4visit pelin.\u0022\r\n        }\r\n        else {\r\n            Write-Output \u0022Virheellinen valinta.\u0022\r\n        }\r\n    }\r\n    elseif ($valinta1 -eq \u00272\u0027) {\r\n        Write-Output \u0022\u0060nSuuntaat vuorille.\u0022\r\n        Write-Output \u0022Myrsky nousee. Mit\u00E4 teet?\u0022\r\n        Write-Output \u0022[1] Haet suojaa l\u00E4heisest\u00E4 luolasta.\u0022\r\n        Write-Output \u0022[2] Jatkat matkaa myrskyst\u00E4 huolimatta.\u0022\r\n        $valinta2 = Read-Host \u0022:\u0022\r\n\r\n        if ($valinta2 -eq \u00271\u0027) {\r\n            Write-Output \u0022\u0060nMenet luolaan ja huomaat siell\u00E4 puhuvan kissan.\u0022\r\n            Write-Output \u0022Mit\u00E4 teet?\u0022\r\n            Write-Output \u0022[1] Yrit\u00E4t yst\u00E4vysty\u00E4 kissan kanssa.\u0022\r\n            Write-Output \u0022[2] S\u00E4ik\u00E4hd\u00E4t puhuvaa kissaa ja pakenet paikalta.\u0022\r\n            $valinta3 = Read-Host \u0022:\u0022\r\n\r\n            if ($valinta3 -eq \u00271\u0027) {\r\n                Write-Output \u0022\u0060nPuhuva kissa arvostaa ettet ihmettele miksi h\u00E4n osaa puhua ja tarina jatkuu... Rick and Morty s.4 e.4\u0022\r\n                Write-Output \u0022Voitit pelin!\u0022\r\n            }\r\n            elseif ($valinta3 -eq \u00272\u0027) {\r\n                Write-Output \u0022\u0060nYrit\u00E4t paeta, mutta katti saa sinut kiinni. Vaikka olet kova j\u00E4tk\u00E4 et p\u00E4rj\u00E4\u00E4 puhuvalle kissalle\u0022\r\n                Write-Output \u0022H\u00E4visit pelin.\u0022\r\n            }\r\n            else {\r\n                Write-Output \u0022Virheellinen valinta.\u0022\r\n            }\r\n        }\r\n        elseif ($valinta2 -eq \u00272\u0027) {\r\n            Write-Output \u0022\u0060nJatkat matkaa, mutta myrsky on liian voimakas.\u0022\r\n            Write-Output \u0022Lipsahdat ja putoat kalliolta.\u0022\r\n            Write-Output \u0022H\u00E4visit pelin.\u0022\r\n        }\r\n        else {\r\n            Write-Output \u0022Virheellinen valinta.\u0022\r\n        }\r\n    }\r\n    else {\r\n        Write-Output \u0022Virheellinen valinta.\u0022\r\n    }\r\n}\r\n\r\nSeikkailupeli\r\n\r\nRead-Host \u0022Peli loppui paina enteri\u00E4 poistuaksesi\u0022"}]